生徒番号,課題設定の俯瞰性と社会的インパクト,学術的探究心と知識の解像度,主体的行動実績と自走力,論理的構成力と目的意識,合計
61287717,10,40,30,20,100
82638063,10,40,30,20,100
48794007,10,40,30,20,100
55455832,9,40,30,20,99
82465347,10,38,30,20,98
81623470,10,40,28,20,98
74922866,10,38,30,20,98
74289586,10,38,30,20,98
61222135,10,38,30,20,98
56013370,10,38,30,20,98
81763662,9,38,30,20,97
81586302,9,38,30,20,97
80919537,9,38,30,20,97
61621951,9,38,30,20,97
60280239,9,38,30,20,97
56076444,9,38,30,20,97
55431534,9,38,30,20,97
82356629,9,38,30,20,97
81731175,9,38,30,19,96
80500277,8,38,30,20,96
75167042,9,38,30,19,96
74278860,9,38,30,19,96
62947524,9,38,30,19,96
62771680,9,38,29,20,96
62576216,10,38,29,19,96
54630711,9,37,30,20,96
81191201,10,38,29,19,96
61594229,9,38,28,20,95
61599948,7,38,30,20,95
82051950,9,38,29,19,95
82287538,9,36,30,20,95
81256337,10,38,28,19,95
81118279,9,38,29,19,95
52054357,9,38,30,18,95
54090725,9,37,30,19,95
80264905,9,35,30,20,94
80306667,9,35,30,20,94
74013238,9,38,28,19,94
64603491,9,38,29,18,94
80682057,9,38,28,19,94
60981326,9,38,28,19,94
63858371,9,38,28,19,94
59319321,9,38,28,19,94
82917990,9,38,28,19,94
81890699,9,36,29,19,93
80279686,7,38,30,18,93
83006796,9,38,27,19,93
60930322,9,37,28,19,93
49757351,9,36,28,20,93
81901828,9,35,28,20,92
82201161,9,36,28,19,92
74308408,9,35,28,20,92
65308093,9,38,25,20,92
62833103,9,37,27,19,92
62711113,9,35,28,20,92
59472235,9,36,28,19,92
60261048,7,38,28,19,92
81610301,9,36,28,19,92
6529348,9,35,28,20,92
82497494,9,38,25,19,91
80766188,9,35,28,19,91
80887074,9,37,28,17,91
80899021,9,38,24,20,91
74872079,9,35,28,19,91
61860328,9,38,25,19,91
62655191,9,37,26,19,91
82956481,8,37,28,18,91
82939535,9,36,27,19,91
82663301,9,35,28,19,91
81236328,9,32,30,20,91
67709231,7,38,28,18,91
8075611,9,38,25,19,91
82410267,9,35,28,18,90
81265824,9,38,24,19,90
80293425,9,38,25,18,90
62777513,9,36,26,19,90
59655577,9,33,29,19,90
58190881,9,35,28,18,90
60070692,9,38,23,20,90
60245131,9,35,28,18,90
48824445,9,38,25,18,90
82608369,8,35,28,19,90
80227856,9,38,24,19,90
6517277,9,36,27,18,90
82584729,9,33,28,19,89
82029768,9,36,26,18,89
80426981,9,34,28,18,89
62822951,8,35,28,18,89
61912883,9,35,27,18,89
82894175,9,36,26,18,89
59933101,9,35,26,19,89
82692441,9,33,28,19,89
82041261,10,31,29,18,88
74521306,8,38,24,18,88
66327121,9,35,28,16,88
61393657,9,31,28,20,88
82728046,9,36,25,18,88
57020817,9,33,28,18,88
49843087,9,33,27,19,88
6374239,9,35,26,18,88
82402965,9,32,28,18,87
81731728,9,32,28,18,87
81572506,9,30,29,19,87
81563019,9,35,24,19,87
77087691,9,30,28,20,87
75504880,9,32,28,18,87
74379593,9,36,24,18,87
61769002,9,35,24,19,87
61743887,9,28,30,20,87
82935025,9,34,26,18,87
82900736,6,35,28,18,87
82497010,8,31,29,19,87
60966947,9,32,27,19,87
45423598,9,32,28,18,87
52060632,9,33,27,18,87
82699411,8,35,26,18,87
82677310,8,32,28,18,86
80577288,9,34,24,19,86
63296730,9,32,26,19,86
62954954,3,38,27,18,86
57245240,5,36,28,17,86
83028307,9,34,25,18,86
82925551,8,28,30,20,86
82901074,9,33,29,15,86
6278477,9,32,28,17,86
6345646,9,32,28,17,86
81234015,9,33,24,19,85
74138235,6,35,26,18,85
80221009,7,32,28,18,85
75122723,7,32,28,18,85
65523644,9,32,26,18,85
61907588,9,28,29,19,85
82522570,9,31,27,18,85
82757585,9,32,25,19,85
82234353,8,31,28,18,85
82608237,8,32,25,19,84
81281021,9,33,24,18,84
81032323,9,25,30,20,84
80415300,9,32,24,19,84
68454252,9,31,26,18,84
61373001,9,30,26,19,84
66591091,8,32,26,18,84
83159771,9,28,28,19,84
59599235,8,30,28,18,84
82514208,9,26,29,20,84
82402418,9,32,24,18,83
81668384,9,32,24,18,83
80864406,7,33,26,17,83
80225250,10,28,26,19,83
81302266,9,26,29,19,83
65699262,9,30,26,18,83
61030236,9,31,28,15,83
82891524,8,31,26,18,83
81140622,9,28,28,18,83
54493544,9,28,28,18,83
82835861,9,32,24,18,83
82585245,8,28,27,19,82
80895425,9,28,26,19,82
62705032,6,32,28,16,82
63994127,6,33,25,18,82
62806777,6,34,28,14,82
82949093,9,28,30,15,82
82651884,6,32,28,16,82
81932278,9,35,18,19,81
81686978,7,32,24,18,81
81757841,6,33,24,18,81
81288841,7,28,28,18,81
64256472,9,30,24,18,81
63726041,6,32,25,18,81
60764741,9,25,28,19,81
59654970,9,25,28,19,81
61020923,8,31,24,18,81
58777792,8,32,25,16,81
59577649,8,32,23,18,81
80642756,9,33,19,19,80
80997716,9,26,26,19,80
61844420,9,25,28,18,80
83107592,9,25,28,18,80
62974203,8,28,26,18,80
80442846,5,31,26,18,80
81509669,9,34,17,19,79
80414559,8,35,24,12,79
80393772,9,25,27,18,79
75755823,8,31,24,16,79
63793733,7,25,28,19,79
60002298,9,28,24,18,79
61433888,8,25,28,18,79
55482546,8,31,28,12,79
52666573,8,31,24,16,79
83034421,6,28,26,19,79
82999023,7,31,25,16,79
48625493,8,25,28,18,79
82697132,9,28,24,18,79
80828990,9,22,29,18,78
80434819,6,25,28,19,78
63495121,9,35,16,18,78
62849603,9,36,15,18,78
82952655,9,35,15,19,78
82760306,8,28,24,18,78
74709674,9,32,17,19,77
62968491,9,32,18,18,77
52068331,8,27,24,18,77
82708703,6,25,28,18,77
82969388,6,30,28,13,77
81123001,6,25,28,18,77
82006253,9,23,27,17,76
81927649,4,32,28,12,76
74710354,9,25,24,18,76
64747468,9,25,24,18,76
80356281,6,24,28,18,76
62547810,8,22,28,18,76
60285508,9,22,26,19,76
6158340,5,32,28,11,76
56413203,9,25,24,18,76
82858551,8,22,28,18,76
82974641,9,32,25,10,76
82962154,7,22,28,19,76
62694596,3,30,28,15,76
55342108,9,25,24,18,76
52151476,8,24,26,18,76
82693234,9,24,24,18,75
81519061,6,30,22,17,75
67739237,8,22,27,18,75
64218503,6,25,26,18,75
62862651,7,35,15,18,75
82561362,9,21,27,18,75
80694829,7,21,29,18,75
81406801,5,30,21,18,74
76315720,9,21,26,18,74
63791935,9,21,26,18,74
61691372,9,38,8,19,74
60593580,8,20,28,18,74
82784949,9,23,24,18,74
82454213,9,22,25,18,74
52771768,8,25,24,17,74
62726382,5,22,28,18,73
62874357,7,30,18,18,73
60680920,9,22,24,18,73
83016112,9,22,24,18,73
82683573,7,19,28,19,73
82126267,8,22,25,18,73
82043221,8,22,24,18,72
81873093,8,22,24,18,72
80686583,8,28,20,16,72
80292577,7,22,25,18,72
80256945,9,22,24,17,72
74070185,9,22,24,17,72
74229991,6,32,16,18,72
61840980,7,22,25,18,72
65409213,6,22,26,18,72
60529849,9,22,24,17,72
82717788,8,31,16,17,72
60834374,5,25,24,18,72
82769761,9,26,18,18,71
82000140,9,26,18,18,71
81721552,8,22,24,17,71
81233981,7,20,26,18,71
62790021,8,21,24,18,71
82852499,9,28,16,18,71
83016261,8,21,24,18,71
82671311,8,21,25,17,71
82315892,9,22,24,16,71
82773751,6,22,25,18,71
82405603,8,26,19,17,70
81031327,7,19,26,18,70
77132581,8,22,25,15,70
65054342,7,28,23,12,70
80966811,7,20,25,18,70
59618647,6,28,18,18,70
62616064,9,25,18,18,70
61770086,6,21,25,18,70
82878331,7,22,25,16,70
82804991,8,20,24,18,70
82333548,9,35,8,18,70
82375879,9,26,18,16,69
81167113,3,30,18,18,69
80874436,8,20,23,18,69
82582343,5,20,26,18,69
62765094,6,28,22,13,69
59515937,8,25,24,12,69
82808597,6,22,24,17,69
82801231,6,25,26,12,69
82404747,7,20,24,17,68
82471207,8,19,24,17,68
80714021,8,22,20,18,68
4660242,5,32,20,11,68
82676046,5,18,28,17,68
82627321,3,31,25,9,68
82605955,9,25,16,18,68
60524839,5,38,8,17,68
82465401,9,24,16,18,67
62007351,6,19,24,18,67
81705395,9,22,18,18,67
64662454,6,20,24,17,67
62660942,8,25,18,16,67
61039217,9,25,19,14,67
61778010,9,32,10,16,67
82908109,6,18,25,18,67
82659940,4,18,27,18,67
8074330,9,30,10,18,67
80410863,9,35,5,17,66
67570852,9,22,23,12,66
81506767,9,25,20,12,66
62867130,6,25,17,18,66
62754963,5,25,19,17,66
62762168,6,25,24,11,66
82432422,7,31,10,18,66
82416206,8,30,15,12,65
81267461,9,32,5,19,65
81987269,8,31,10,16,65
74291149,7,15,25,18,65
65621191,8,22,18,17,65
6707556,6,22,24,13,65
56416601,9,31,14,11,65
62410253,9,21,17,18,65
82960763,9,22,16,18,65
82943893,6,21,24,14,65
82928941,9,22,16,18,65
81332084,8,22,17,18,65
81403470,9,32,8,16,65
82851786,9,28,10,18,65
82417512,8,25,18,13,64
81594437,7,22,17,18,64
68242123,9,32,5,18,64
62986228,8,15,23,18,64
62621181,8,22,16,18,64
62962965,9,32,5,18,64
61453854,9,32,5,18,64
82702951,6,18,24,16,64
82992738,9,22,16,17,64
82624437,3,20,24,17,64
81859198,7,25,16,16,64
82504083,8,22,16,18,64
82373469,7,22,17,18,64
4887590,8,20,18,18,64
81888902,8,22,24,9,63
62781553,9,35,5,14,63
62777262,8,21,16,18,63
62502051,8,18,19,18,63
6484832,7,15,23,18,63
62271491,7,10,28,18,63
83151095,7,20,24,12,63
82725586,7,25,16,15,63
82710651,5,18,27,13,63
56303297,3,22,24,14,63
59356308,8,22,17,16,63
48882011,7,22,16,18,63
82386200,7,28,10,18,63
81117914,9,15,20,18,62
81062389,9,22,16,15,62
81047185,6,12,26,18,62
80818226,9,25,10,18,62
77004566,5,22,17,18,62
62972260,8,12,24,18,62
62782649,6,22,17,17,62
60314699,6,20,19,17,62
82046514,8,32,5,16,61
62800141,9,30,10,12,61
62732927,9,24,10,18,61
62004654,7,10,26,18,61
82939209,7,20,18,16,61
82310386,8,22,16,15,61
82319201,8,22,14,17,61
66245711,7,25,10,18,60
63462702,7,5,28,20,60
62748971,7,31,10,12,60
61444961,5,18,25,12,60
82964173,7,10,25,18,60
82766509,3,15,26,16,60
82688915,9,25,10,16,60
82527733,8,20,15,17,60
82325685,9,22,10,18,59
82390070,8,22,19,10,59
81923511,8,22,14,15,59
81037350,6,12,28,13,59
75658321,7,19,20,13,59
67630022,5,21,17,16,59
62904051,6,21,16,16,59
62943758,9,24,10,16,59
56525460,5,12,26,16,59
61847089,5,20,24,10,59
82645345,4,15,24,16,59
82828172,5,21,16,17,59
82796793,8,20,15,16,59
82694931,5,18,20,16,59
82456747,7,23,10,18,58
81460961,7,28,5,18,58
60181656,9,21,16,12,58
62237497,9,21,10,18,58
83149601,7,5,28,18,58
82572046,8,20,16,14,58
82596646,6,20,14,18,58
48529371,5,20,16,17,58
49623281,5,20,16,17,58
82826285,4,10,26,18,58
81587465,7,22,10,18,57
80258042,5,15,20,17,57
80574203,5,20,16,16,57
66263778,4,19,23,11,57
62847678,8,22,16,11,57
82909318,7,20,16,14,57
82986657,8,20,14,15,57
82536031,9,22,8,18,57
82010293,9,25,5,17,56
82000069,8,22,10,16,56
81659784,5,21,16,14,56
80897631,8,25,5,18,56
67280498,7,15,18,16,56
65524926,9,25,5,17,56
62771272,7,20,16,13,56
62718169,6,22,16,12,56
62834681,6,22,10,18,56
62152564,7,25,8,16,56
62715097,5,10,24,17,56
59492848,4,10,25,17,56
81237022,4,20,19,13,56
82597782,8,20,16,11,55
81293411,9,22,5,19,55
74492357,6,25,10,14,55
66701830,5,22,16,12,55
81020937,8,20,15,12,55
62741098,8,20,10,17,55
83260421,5,21,17,12,55
80339379,5,12,27,11,55
81947917,8,20,10,16,54
81153554,8,19,15,12,54
81127731,6,22,10,16,54
74073184,6,18,16,14,54
81652691,4,20,18,12,54
82814058,6,20,16,12,54
82693498,9,21,12,12,54
82394814,8,5,24,16,53
1221540,5,20,16,12,53
62377639,6,19,16,12,53
82898405,5,12,18,18,53
82743126,5,20,16,12,53
82649723,6,10,26,11,53
82568561,9,22,5,16,52
82446474,9,22,5,16,52
82015970,5,21,10,16,52
81283652,6,25,5,16,52
80455204,5,12,17,18,52
66197422,6,22,8,16,52
63070936,6,22,8,16,52
61508047,4,20,20,8,52
61895270,9,20,5,18,52
62534645,8,22,5,17,52
82672504,4,20,16,12,52
80456855,8,12,15,16,51
62670573,6,25,5,15,51
61846660,8,31,0,12,51
82915041,4,20,16,11,51
82765952,5,15,14,17,51
82559473,6,10,23,12,51
82469547,6,12,20,13,51
57194394,9,21,5,16,51
56234511,9,21,5,16,51
53339991,5,18,15,13,51
82234973,9,20,10,12,51
82517428,8,22,5,15,50
62258052,7,22,5,16,50
62644335,7,22,5,16,50
61480614,5,20,15,10,50
57253609,5,12,16,17,50
82562661,6,10,16,18,50
62935658,7,22,5,16,50
82537518,4,10,20,16,50
82250456,3,19,16,11,49
81809883,4,20,16,9,49
62844105,5,10,16,18,49
62930044,7,22,5,15,49
62694570,6,22,5,16,49
82733716,8,20,5,16,49
82121044,8,12,16,13,49
82602191,8,20,5,15,48
82401471,6,5,26,11,48
80852475,8,20,5,15,48
61944157,8,20,5,15,48
62741934,8,20,5,15,48
82968519,6,20,10,12,48
82555958,5,10,17,16,48
82620105,6,5,25,12,48
82158550,5,5,24,14,48
82221995,5,20,10,12,47
82111341,3,5,24,15,47
80349722,5,12,16,14,47
62586491,4,10,20,13,47
62411314,5,22,5,15,47
58193723,6,10,15,16,47
82865922,6,12,15,14,47
83003070,5,20,10,12,47
82883599,5,12,14,16,47
82565783,6,21,5,15,47
55058442,8,22,5,12,47
82472271,8,5,18,15,46
65218132,8,18,5,15,46
80232591,5,22,5,14,46
62819755,7,20,5,14,46
60846887,8,21,5,12,46
82873453,8,21,5,12,46
83038256,6,21,3,16,46
82756252,6,10,17,13,46
52573087,5,5,24,12,46
59829974,9,22,5,10,46
81341920,9,15,5,16,45
62976532,7,10,12,16,45
83166599,8,20,5,12,45
82720291,4,10,16,15,45
82700087,5,8,16,16,45
82880905,6,12,15,12,45
81458771,3,5,24,12,44
81117906,8,12,10,14,44
82774234,6,12,10,16,44
53176171,5,5,18,16,44
82099251,5,10,16,12,43
82250014,7,12,10,14,43
62934384,5,5,16,16,42
82561443,4,22,5,11,42
82583544,5,5,15,16,41
82479763,4,10,15,12,41
81003447,6,18,10,7,41
82897301,6,15,5,15,41
82106819,5,15,5,16,41
82633959,4,8,16,12,40
81017278,8,20,0,12,40
65888294,4,20,5,11,40
83045104,8,12,5,15,40
82739617,3,5,23,9,40
74685309,5,5,17,12,39
62949721,5,20,2,12,39
61313335,5,15,5,14,39
64974944,3,15,5,16,39
64646394,5,20,0,14,39
62269275,6,5,16,12,39
82792500,5,10,16,8,39
82635544,3,10,16,10,39
82825297,7,10,10,12,39
82494134,5,12,5,17,39
82306885,4,5,18,11,38
62844431,3,10,15,10,38
61794341,4,0,24,10,38
64858171,5,15,5,12,37
82691304,5,5,16,11,37
65763572,5,5,15,11,36
65199154,4,15,5,12,36
62774620,5,21,0,10,36
82867224,8,12,5,11,36
82689580,4,5,18,9,36
82479321,3,8,15,10,36
80251552,4,5,15,11,35
65560191,5,5,15,10,35
82675651,8,10,5,12,35
82676933,5,12,5,13,35
82588333,4,5,15,11,35
83003240,7,12,2,14,35
82131538,4,3,16,11,34
82569746,4,5,16,9,34
52872807,4,10,5,14,33
82895481,6,8,5,14,33
80780075,4,8,10,10,32
62794159,5,10,3,14,32
81035284,5,10,5,12,32
82591431,5,10,5,11,31
81117272,3,5,8,15,31
82547785,4,5,16,6,31
82923787,3,12,8,7,30
82960623,4,3,8,15,30
37802836,6,5,3,16,30
80267254,6,10,5,8,29
83100300,3,5,10,11,29
82984310,5,10,3,11,29
82625336,5,8,5,11,29
82830207,4,10,5,10,29
82788022,5,8,5,11,29
57607028,5,10,2,11,28
80244041,6,5,3,12,26
82980071,3,5,8,9,25
82616060,5,3,5,12,25
57115478,7,5,0,12,24
82829985,4,5,0,15,24
80308023,5,5,3,10,23
82199698,4,3,0,15,22
66532825,5,3,5,9,22
82783071,4,5,3,10,22
80681182,0,0,15,5,20
62905660,3,2,8,7,20
81948859,3,5,2,9,19
82627819,0,0,5,10,15
82125317,,,,,
82446318,,,,,
